Başlık,URL
Genel Bakış,/apinizer-dokumantasyonu/genel-bakis-1179697.html
Apinizer Hakkında (About Apinizer),/apinizer-dokumantasyonu/apinizer-hakkinda-about-apinizer-16812874.html
Anahtar Kavramlar (Key Concepts),/apinizer-dokumantasyonu/anahtar-kavramlar-key-concepts-1180883.html
Hızlı Başlangıç (Quick Start),/apinizer-dokumantasyonu/hizli-baslangic-quick-start-1180885.html
Mimari'ye Genel Bakış (Architectural Overview),/apinizer-dokumantasyonu/mimari-ye-genel-bakis-architectural-overview-1180904.html
Desteklenen Kütüphaneler (Supported Libraries),/apinizer-dokumantasyonu/desteklenen-kuetuephaneler-supported-libraries-13271983.html
Ekran Yerleşimi (Layout),/apinizer-dokumantasyonu/ekran-yerlesimi-layout-13272039.html
Hızlı Menü (Quick Menu),/apinizer-dokumantasyonu/hizli-menue-quick-menu-13271981.html
Değişiklik Günlüğü,/apinizer-dokumantasyonu/degisiklik-guenluegue-137331155.html
Sürüm Notları (Release Notes),/apinizer-dokumantasyonu/sueruem-notlari-release-notes-137331125.html
Sürüm Notları - 2025,/apinizer-dokumantasyonu/sueruem-notlari-2025-137331140.html
Sürüm Notları - 2024,/apinizer-dokumantasyonu/sueruem-notlari-2024-137331599.html
Sürüm Notları - 2023,/apinizer-dokumantasyonu/sueruem-notlari-2023-137331656.html
Sürüm Notları - 2022,/apinizer-dokumantasyonu/sueruem-notlari-2022-138117122.html
Sürüm Notları - 2021,/apinizer-dokumantasyonu/sueruem-notlari-2021-138117128.html
Uyumsuzluklar ve Kaldırılanlar (Deprecations and Removals),/apinizer-dokumantasyonu/uyumsuzluklar-ve-kaldirilanlar-deprecations-and-removals-137331129.html
Kurulum (Installation),/apinizer-dokumantasyonu/kurulum-installation-1179741.html
Kurulum Öncesi Verilmesi Gereken Kararlar,/apinizer-dokumantasyonu/kurulum-oencesi-verilmesi-gereken-kararlar-98108061.html
Kurulum Topolojileri,/apinizer-dokumantasyonu/kurulum-topolojileri-98108063.html
Kurulum için Erişim ve Port Gereksinimleri,/apinizer-dokumantasyonu/kurulum-icin-erisim-ve-port-gereksinimleri-120522420.html
Apinizer Kurulumu ve Ayarları,/apinizer-dokumantasyonu/apinizer-kurulumu-ve-ayarlari-119504975.html
API Developer Portal Kurulumu,/apinizer-dokumantasyonu/api-developer-portal-kurulumu-119504981.html
API Integration Kurulumu,/apinizer-dokumantasyonu/api-integration-kurulumu-119504995.html
Multi-Region Apinizer Kurulumu,/apinizer-dokumantasyonu/multi-region-apinizer-kurulumu-130515472.html
Kubernetes Kurulumu,/apinizer-dokumantasyonu/kubernetes-kurulumu-70849447.html
Ubuntu İşletim Sisteminde Kubernetes Kurulumu,/apinizer-dokumantasyonu/ubuntu-isletim-sisteminde-kubernetes-kurulumu-120520807.html
Red Hat Enterprise Linux veya Rocky Linux İşletim Sisteminde Kubernetes Kurulumu,/apinizer-dokumantasyonu/red-hat-enterprise-linux-veya-rocky-linux-isletim-sisteminde-kubernetes-kurulumu-120520811.html
Kubernetes Metric Server Kurulumu,/apinizer-dokumantasyonu/kubernetes-metric-server-kurulumu-70849474.html
Kubernetes High Availability (Yüksek Erişim) Cluster Kurulumu,/apinizer-dokumantasyonu/kubernetes-high-availability-yueksek-erisim-cluster-kurulumu-93356176.html
Kubernetes Dashboard Kurulumu,/apinizer-dokumantasyonu/kubernetes-dashboard-kurulumu-70849476.html
Private/Local Docker Registry Kullanımı,/apinizer-dokumantasyonu/private-local-docker-registry-kullanimi-3244581.html
CentOS 7 üzerine Private Docker Registry kurulumu,/apinizer-dokumantasyonu/centos-7-uezerine-private-docker-registry-kurulumu-90636368.html
Prometheus & Grafana Kurulumu,/apinizer-dokumantasyonu/prometheus-grafana-kurulumu-93356447.html
ArgoCD ile Apinizer ve Versiyon Yönetimi,/apinizer-dokumantasyonu/argocd-ile-apinizer-ve-versiyon-yoenetimi-93356669.html
MongoDB Kurulumu,/apinizer-dokumantasyonu/mongodb-kurulumu-120520787.html
Ubuntu İşletim Sisteminde MongoDB Kurulumu,/apinizer-dokumantasyonu/ubuntu-isletim-sisteminde-mongodb-kurulumu-120520788.html
Red Hat İşletim Sisteminde MongoDB Kurulumu,/apinizer-dokumantasyonu/red-hat-isletim-sisteminde-mongodb-kurulumu-120520790.html
Elasticsearch Kurulumu,/apinizer-dokumantasyonu/elasticsearch-kurulumu-70849464.html
Ubuntu İşletim Sisteminde Elasticsearch Kurulumu,/apinizer-dokumantasyonu/ubuntu-isletim-sisteminde-elasticsearch-kurulumu-70849466.html
Ubuntu İşletim Sisteminde Elasticsearch 8.17.10 Kurulumu,/apinizer-dokumantasyonu/ubuntu-isletim-sisteminde-elasticsearch-8-17-10-kurulumu-148998307.html
Red Hat İşletim Sisteminde Elasticsearch Kurulumu,/apinizer-dokumantasyonu/red-hat-isletim-sisteminde-elasticsearch-kurulumu-70849522.html
Elasticsearch için Basit Kimlik Doğrulama Konfigürasyonu,/apinizer-dokumantasyonu/elasticsearch-icin-basit-kimlik-dogrulama-konfiguerasyonu-6685550.html
Elasticsearch Manuel ILM Politikası ve Template Oluşturma,/apinizer-dokumantasyonu/elasticsearch-manuel-ilm-politikasi-ve-template-olusturma-70848927.html
Elasticsearch Yedekleme Politikası,/apinizer-dokumantasyonu/elasticsearch-yedekleme-politikasi-75809821.html
Elasticsearch Yetki Gereksinimleri,/apinizer-dokumantasyonu/elasticsearch-yetki-gereksinimleri-136052764.html
Helm ile Kurulum,/apinizer-dokumantasyonu/helm-ile-kurulum-93356943.html
Helm ile Mongodb Kurulumu,/apinizer-dokumantasyonu/helm-ile-mongodb-kurulumu-143021844.html
Helm ile Apinizer Kurulumu,/apinizer-dokumantasyonu/helm-ile-apinizer-kurulumu-143021902.html
Offline Kurulum,/apinizer-dokumantasyonu/offline-kurulum-13271127.html
RHEL 8.x İşletim Sistemi Üzerine Offline Apinizer Kurulumu,/apinizer-dokumantasyonu/rhel-8-x-isletim-sistemi-uezerine-offline-apinizer-kurulumu-39731754.html
RHEL 9.x İşletim Sistemi Üzerine Offline Apinizer Kurulumu,/apinizer-dokumantasyonu/rhel-9-x-isletim-sistemi-uezerine-offline-apinizer-kurulumu-98107995.html
Ubuntu İşletim Sistemi Üzerine Offline Apinizer Kurulumu,/apinizer-dokumantasyonu/ubuntu-isletim-sistemi-uezerine-offline-apinizer-kurulumu-93356044.html
Bulut (Cloud) Ortamlarına Kurulum,/apinizer-dokumantasyonu/bulut-cloud-ortamlarina-kurulum-70849525.html
Amazon EKS (Elastic Kubernetes Service) Üzerine Apinizer Kurulumu,/apinizer-dokumantasyonu/amazon-eks-elastic-kubernetes-service-uezerine-apinizer-kurulumu-70849575.html
Microsoft AKS (Azure Kubernetes Service) Üzerine Apinizer Kurulumu,/apinizer-dokumantasyonu/microsoft-aks-azure-kubernetes-service-uezerine-apinizer-kurulumu-70849527.html
Openshift Origin 3.11 üzerine Kubernetes Kurulumu,/apinizer-dokumantasyonu/openshift-origin-3-11-uezerine-kubernetes-kurulumu-39739586.html
Sürüm Yükseltme ve Yedekleme,/apinizer-dokumantasyonu/sueruem-yuekseltme-ve-yedekleme-117211243.html
Apinizer Sürüm Yükseltme,/apinizer-dokumantasyonu/apinizer-sueruem-yuekseltme-117211250.html
Kubernetes Sürüm Yükseltme,/apinizer-dokumantasyonu/kubernetes-sueruem-yuekseltme-98108611.html
MongoDB Sürüm Yükseltme,/apinizer-dokumantasyonu/mongodb-sueruem-yuekseltme-115474434.html
MongoDB Veritabanı Yedekleme ve Geri Yükleme,/apinizer-dokumantasyonu/mongodb-veritabani-yedekleme-ve-geri-yuekleme-1179878.html
Geliştirici Kılavuzu (Developer Guide),/apinizer-dokumantasyonu/gelistirici-kilavuzu-developer-guide-13271935.html
Proje (Overview),/apinizer-dokumantasyonu/proje-overview-98108444.html
Tasarım (Design),/apinizer-dokumantasyonu/tasarim-design-13271237.html
Ortak Veri Modeli (Data Models),/apinizer-dokumantasyonu/ortak-veri-modeli-data-models-39728104.html
Spec Tasarım Editörü (Spec Designer),/apinizer-dokumantasyonu/spec-tasarim-editoerue-spec-designer-1180017.html
Geliştirme (Development),/apinizer-dokumantasyonu/gelistirme-development-1180182.html
API Proxy'ler (API Proxies),/apinizer-dokumantasyonu/api-proxy-ler-api-proxies-1179923.html
API Proxy Listesi,/apinizer-dokumantasyonu/api-proxy-listesi-13271561.html
API Proxy Oluşturma,/apinizer-dokumantasyonu/api-proxy-olusturma-13271689.html
API Proxy Client Route Kullanım Kılavuzu,/apinizer-dokumantasyonu/api-proxy-client-route-kullanim-kilavuzu-153224030.html
SOAP Web Servisi REST API Olarak Sunma,/apinizer-dokumantasyonu/soap-web-servisi-rest-api-olarak-sunma-3244622.html
SOAP Web Servisine Mesaj İletimi,/apinizer-dokumantasyonu/soap-web-servisine-mesaj-iletimi-39733357.html
SOAP Web Servisi Oluşturma: Birden Çok Schema ve Birden Çok Port içeren WSDL Dosyası Yükleme,/apinizer-dokumantasyonu/soap-web-servisi-olusturma-birden-cok-schema-ve-birden-cok-port-iceren-wsdl-dosyasi-yuekleme-16812806.html
WebSocket Proxy Yönlendirme Kılavuzu,/apinizer-dokumantasyonu/websocket-proxy-yoenlendirme-kilavuzu-120522291.html
"Yükleme, Yeniden Yükleme, Kaldırma, Deployment Geçmişi ve Rollback",/apinizer-dokumantasyonu/yuekleme-yeniden-yuekleme-kaldirma-deployment-gecmisi-ve-rollback-6685820.html
Sekmeler,/apinizer-dokumantasyonu/sekmeler-13271567.html
Genel Bilgi Sekmesi (Overview Tab),/apinizer-dokumantasyonu/genel-bilgi-sekmesi-overview-tab-13271569.html
Ayarlar Sekmesi (Settings Tab),/apinizer-dokumantasyonu/ayarlar-sekmesi-settings-tab-39730595.html
Tasarım Sekmesi (Design Tab),/apinizer-dokumantasyonu/tasarim-sekmesi-design-tab-13271571.html
Geliştirme Sekmesi (Development Tab),/apinizer-dokumantasyonu/gelistirme-sekmesi-development-tab-13271576.html
Yönlendirme Sekmesi - HTTP (Routing Tab),/apinizer-dokumantasyonu/yoenlendirme-sekmesi-http-routing-tab-13271584.html
Yönlendirme Sekmesi - gRPC (Routing Tab),/apinizer-dokumantasyonu/yoenlendirme-sekmesi-grpc-routing-tab-120522152.html
Yönlendirme Sekmesi - WebSocket (Routing Tab),/apinizer-dokumantasyonu/yoenlendirme-sekmesi-websocket-routing-tab-120522150.html
Adım Adım İzleme Sekmesi (Trace Tab),/apinizer-dokumantasyonu/adim-adim-izleme-sekmesi-trace-tab-13271586.html
API Trafiği Sekmesi (API Traffic Tab),/apinizer-dokumantasyonu/api-trafigi-sekmesi-api-traffic-tab-13271588.html
Analitik Sekmesi (Analytics Tab),/apinizer-dokumantasyonu/analitik-sekmesi-analytics-tab-13271596.html
İşlem Kayıtları Sekmesi (Audit Records Tab),/apinizer-dokumantasyonu/islem-kayitlari-sekmesi-audit-records-tab-13271598.html
Uygulama Logları Sekmesi (Application Logs Tab),/apinizer-dokumantasyonu/uygulama-loglari-sekmesi-application-logs-tab-26347973.html
API Proxy Grupları (API Proxy Groups),/apinizer-dokumantasyonu/api-proxy-gruplari-api-proxy-groups-1179925.html
Global Ayarlar (Global Settings),/apinizer-dokumantasyonu/global-ayarlar-global-settings-120521749.html
Politika Grupları (Policy Groups),/apinizer-dokumantasyonu/politika-gruplari-policy-groups-120521300.html
Ayar Grupları (Setting Groups),/apinizer-dokumantasyonu/ayar-gruplari-setting-groups-120521302.html
API Trafiği Log Ayarları (API Traffic Log Settings),/apinizer-dokumantasyonu/api-trafigi-log-ayarlari-api-traffic-log-settings-6684781.html
Global Politikalar (Global Policies),/apinizer-dokumantasyonu/global-politikalar-global-policies-13272066.html
Ortam Değişkenleri (Environment Variables),/apinizer-dokumantasyonu/ortam-degiskenleri-environment-variables-155648210.html
Politikalar (Policies),/apinizer-dokumantasyonu/politikalar-policies-1179919.html
Politika Nedir?,/apinizer-dokumantasyonu/politika-nedir-153224533.html
Mesaj İşleme ve Politika Uygulama,/apinizer-dokumantasyonu/mesaj-akisi-ve-politika-yoenetimi-153224827.html
API Bazlı Daraltma (API-Based Throttling),/apinizer-dokumantasyonu/api-bazli-daraltma-api-based-throttling-1179943.html
API Bazlı Kota (API-Based Quota),/apinizer-dokumantasyonu/api-bazli-kota-api-based-quota-13272170.html
API Çağrısı (API Call),/apinizer-dokumantasyonu/api-cagrisi-api-call-1180218.html
Backend API Kimlik Doğrulama (Backend API Authentication),/apinizer-dokumantasyonu/backend-api-kimlik-dogrulama-backend-api-authentication-6685054.html
Basic Kimlik Doğrulama (Basic (Base64) Authentication),/apinizer-dokumantasyonu/basic-kimlik-dogrulama-basic-base64-authentication-1179918.html
Digest Kimlik Doğrulama (Digest Authentication),/apinizer-dokumantasyonu/digest-kimlik-dogrulama-digest-authentication-1179913.html
Dijital İmza (Digital Signature),/apinizer-dokumantasyonu/dijital-imza-digital-signature-1179961.html
Dijital İmza Doğrulama (Digital Signature Verification),/apinizer-dokumantasyonu/dijital-imza-dogrulama-digital-signature-verification-1179955.html
İçerik Filtresi (Content Filter),/apinizer-dokumantasyonu/icerik-filtresi-content-filter-1180220.html
İstemci Yasaklama (Client Ban),/apinizer-dokumantasyonu/istemci-yasaklama-client-ban-130515109.html
İş Kuralı (Business Rule),/apinizer-dokumantasyonu/is-kurali-business-rule-1180213.html
İzin Verilen IP Listesi (Allowed IP List),/apinizer-dokumantasyonu/izin-verilen-ip-listesi-allowed-ip-list-1179951.html
JOSE Gerçekleştirim (JOSE Implementation),/apinizer-dokumantasyonu/jose-gerceklestirim-jose-implementation-39741524.html
JOSE Doğrulama (JOSE Validation),/apinizer-dokumantasyonu/jose-dogrulama-jose-validation-39741522.html
JSON Dönüştürme (JSON Transformation) - Jolt,/apinizer-dokumantasyonu/json-doenuestuerme-json-transformation-jolt-1180222.html
JSON Şema Doğrulama (JSON Schema Validation),/apinizer-dokumantasyonu/json-sema-dogrulama-json-schema-validation-1179969.html
JWT Kimlik Doğrulama (JWT Authentication),/apinizer-dokumantasyonu/jwt-kimlik-dogrulama-jwt-authentication-1179971.html
Maksimum Mesaj Uzunluğu (Max. Message Size),/apinizer-dokumantasyonu/maksimum-mesaj-uzunlugu-max-message-size-1179947.html
Minimum Mesaj Uzunluğu (Min. Message Size),/apinizer-dokumantasyonu/minimum-mesaj-uzunlugu-min-message-size-1179949.html
mTLS Kimlik Doğrulama (mTLS Authentication),/apinizer-dokumantasyonu/mtls-kimlik-dogrulama-mtls-authentication-70844920.html
OAuth2 Kimlik Doğrulama (OAuth2 Authentication),/apinizer-dokumantasyonu/oauth2-kimlik-dogrulama-oauth2-authentication-1179915.html
Plain-Text Kimlik Doğrulama (Plain-Text Authentication),/apinizer-dokumantasyonu/plain-text-kimlik-dogrulama-plain-text-authentication-1179916.html
SAML Kimlik Doğrulama (SAML Validation),/apinizer-dokumantasyonu/saml-kimlik-dogrulama-saml-validation-1179967.html
Script (Script),/apinizer-dokumantasyonu/script-script-1179945.html
Şifre Açma (Decryption),/apinizer-dokumantasyonu/sifre-acma-decryption-1179959.html
Şifreleme (Encryption),/apinizer-dokumantasyonu/sifreleme-encryption-1179965.html
Token Servisi (Token Service),/apinizer-dokumantasyonu/token-servisi-token-service-16810158.html
Token Alma Yöntemleri,/apinizer-dokumantasyonu/token-alma-yoentemleri-90636292.html
Token'lar ile İlgili Sık Sorulan Sorular,/apinizer-dokumantasyonu/token-lar-ile-ilgili-sik-sorulan-sorular-16813134.html
Veri Değiştirme (Redaction),/apinizer-dokumantasyonu/veri-degistirme-redaction-16810377.html
WS-Security (Gelen Mesaj),/apinizer-dokumantasyonu/ws-security-gelen-mesaj-26349284.html
WS-Security (Giden Mesaj),/apinizer-dokumantasyonu/ws-security-giden-mesaj-16810375.html
WS-Security Token (WS-Security Token),/apinizer-dokumantasyonu/ws-security-token-ws-security-token-39730798.html
XML Dönüştürme (XML Transformation) - XSLT,/apinizer-dokumantasyonu/xml-doenuestuerme-xml-transformation-xslt-1180216.html
XML Şema Doğrulama (XML Schema Validation),/apinizer-dokumantasyonu/xml-sema-dogrulama-xml-schema-validation-1179963.html
Yasaklı IP Listesi (Blocked IP List),/apinizer-dokumantasyonu/yasakli-ip-listesi-blocked-ip-list-13272196.html
Yetkilendirme (Authorization),/apinizer-dokumantasyonu/yetkilendirme-authorization-6685587.html
Zaman Kısıtlaması (Time Restriction),/apinizer-dokumantasyonu/zaman-kisitlamasi-time-restriction-1179953.html
API Oluşturucu (API Creator),/apinizer-dokumantasyonu/api-olusturucu-api-creator-6685414.html
DB-2-API,/apinizer-dokumantasyonu/db-2-api-3244355.html
Mock API,/apinizer-dokumantasyonu/mock-api-16810025.html
Script-2-API,/apinizer-dokumantasyonu/script-2-api-1179940.html
API Entegratörü (API Integrator),/apinizer-dokumantasyonu/api-entegratoerue-api-integrator-6685418.html
Pano (Dashboard),/apinizer-dokumantasyonu/pano-dashboard-26349527.html
Değişkenler (Variables),/apinizer-dokumantasyonu/degiskenler-variables-1179931.html
Eylemler/Konnektörler (Actions/Connectors),/apinizer-dokumantasyonu/eylemler-konnektoerler-actions-connectors-26350720.html
E-Posta Gönderme,/apinizer-dokumantasyonu/e-posta-goenderme-75808770.html
API Çağrısı (API Call) Yapma,/apinizer-dokumantasyonu/api-cagrisi-api-call-yapma-75808773.html
Veritabanı Connector,/apinizer-dokumantasyonu/veritabani-connector-75808776.html
Linux Script Çalıştırma,/apinizer-dokumantasyonu/linux-script-calistirma-75808779.html
Script Çalıştırma,/apinizer-dokumantasyonu/script-calistirma-75808782.html
Bildirim,/apinizer-dokumantasyonu/bildirim-75808788.html
SNMP Bağlantısı,/apinizer-dokumantasyonu/snmp-baglantisi-75808791.html
Elasticsearch Connector,/apinizer-dokumantasyonu/elasticsearch-connector-75808794.html
Kafka Connector,/apinizer-dokumantasyonu/kafka-connector-75808797.html
RabbitMQ Connector,/apinizer-dokumantasyonu/rabbitmq-connector-75808800.html
ActiveMQ Connector,/apinizer-dokumantasyonu/activemq-connector-75808804.html
Syslog Connector,/apinizer-dokumantasyonu/syslog-connector-75808807.html
Webhook Connector,/apinizer-dokumantasyonu/webhook-connector-75808810.html
Logback Connector,/apinizer-dokumantasyonu/logback-connector-85950518.html
Test,/apinizer-dokumantasyonu/test-1180159.html
Test Konsolu,/apinizer-dokumantasyonu/test-konsolu-1179975.html
Test Araçları,/apinizer-dokumantasyonu/test-araclari-1179977.html
JSON Dönüştürücü,/apinizer-dokumantasyonu/json-doenuestueruecue-1180031.html
JSONPath Test,/apinizer-dokumantasyonu/jsonpath-test-1180025.html
XML Dönüştürücü,/apinizer-dokumantasyonu/xml-doenuestueruecue-1180027.html
XPath Test,/apinizer-dokumantasyonu/xpath-test-1180021.html
Veri İşlemleri,/apinizer-dokumantasyonu/veri-islemleri-1180023.html
Monitör Etme (Monitoring),/apinizer-dokumantasyonu/monitoer-etme-monitoring-1180151.html
Çalışma Süresi Monitörü,/apinizer-dokumantasyonu/calisma-sueresi-monitoerue-1179987.html
Anomali Dedektörü,/apinizer-dokumantasyonu/anomali-dedektoerue-1179985.html
Analitik (Analytics),/apinizer-dokumantasyonu/analitik-analytics-1180155.html
Pano,/apinizer-dokumantasyonu/pano-1180096.html
API Trafiği,/apinizer-dokumantasyonu/api-trafigi-1180084.html
Sorgu Editörü,/apinizer-dokumantasyonu/sorgu-editoerue-1180092.html
Sorgular,/apinizer-dokumantasyonu/sorgular-1179997.html
Filtreler,/apinizer-dokumantasyonu/filtreler-3244207.html
Raporlar,/apinizer-dokumantasyonu/raporlar-75795269.html
API Trafiği & Zaman Metrikleri,/apinizer-dokumantasyonu/api-trafigi-zaman-metrikleri-1180003.html
Endpoint Trafiği & Zaman Metrikleri,/apinizer-dokumantasyonu/endpoint-trafigi-zaman-metrikleri-1179999.html
İstemci Trafiği & Zaman Metrikleri,/apinizer-dokumantasyonu/istemci-trafigi-zaman-metrikleri-1180005.html
IP Trafiği & Zaman Metrikleri,/apinizer-dokumantasyonu/ip-trafigi-zaman-metrikleri-75809527.html
Rapor Üretici,/apinizer-dokumantasyonu/rapor-ueretici-13272370.html
İstek Almayan Endpointler,/apinizer-dokumantasyonu/istek-almayan-endpointler-98109306.html
İstek Atmayan Client'lar,/apinizer-dokumantasyonu/istek-atmayan-client-lar-98109315.html
Kimlik Yönetimi (Identity Management),/apinizer-dokumantasyonu/kimlik-yoenetimi-identity-management-13271939.html
Kimlik Bilgisi Yönetimi (Credential Management),/apinizer-dokumantasyonu/kimlik-bilgisi-yoenetimi-credential-management-16810267.html
Kimlik Bilgileri (Credentials),/apinizer-dokumantasyonu/kimlik-bilgileri-credentials-16810271.html
Kurumlar,/apinizer-dokumantasyonu/kurumlar-16810301.html
Sözleşmeler/Protokoller,/apinizer-dokumantasyonu/soezlesmeler-protokoller-16810274.html
Kimlik Bilgisi Rolleri,/apinizer-dokumantasyonu/kimlik-bilgisi-rolleri-16810276.html
API Proxy EKL (API Proxy Erişim Kontrol Listesi),/apinizer-dokumantasyonu/api-proxy-ekl-api-proxy-erisim-kontrol-listesi-16810278.html
API Proxy Grup EKL (API Proxy Grup Erişim Kontrol Listesi),/apinizer-dokumantasyonu/api-proxy-grup-ekl-api-proxy-grup-erisim-kontrol-listesi-26354148.html
Rate Limit Kontrol Listesi,/apinizer-dokumantasyonu/rate-limit-kontrol-listesi-130515114.html
Kimlik Sağlayıcılar (Identity Providers),/apinizer-dokumantasyonu/kimlik-saglayicilar-identity-providers-16810269.html
Veri Tabanı,/apinizer-dokumantasyonu/veri-tabani-120521082.html
LDAP,/apinizer-dokumantasyonu/ldap-1179929.html
API,/apinizer-dokumantasyonu/api-1181501.html
IP Grupları (IP Groups),/apinizer-dokumantasyonu/ip-gruplari-ip-groups-1179937.html
ACL Raporu,/apinizer-dokumantasyonu/acl-raporu-39729432.html
Bağlantı Konfigürasyonları (Connection Management),/apinizer-dokumantasyonu/baglanti-konfiguerasyonlari-connection-management-13271941.html
ActiveMQ,/apinizer-dokumantasyonu/activemq-75807548.html
Veritabanı Bağlantısı,/apinizer-dokumantasyonu/veritabani-baglantisi-1179669.html
Elasticsearch,/apinizer-dokumantasyonu/elasticsearch-39741365.html
Elasticsearch Monitörü (Elasticsearch Monitor),/apinizer-dokumantasyonu/elasticsearch-monitoerue-elasticsearch-monitor-1180090.html
E-Posta,/apinizer-dokumantasyonu/e-posta-1179667.html
Graylog,/apinizer-dokumantasyonu/graylog-98107711.html
Kafka,/apinizer-dokumantasyonu/kafka-39747129.html
LDAP/Active Directory,/apinizer-dokumantasyonu/ldap-active-directory-1179681.html
Linux Script,/apinizer-dokumantasyonu/linux-script-6685431.html
Logback,/apinizer-dokumantasyonu/logback-85950504.html
JiraOps (Opsgenie),/apinizer-dokumantasyonu/jiraops-opsgenie-6685441.html
RabbitMQ,/apinizer-dokumantasyonu/rabbitmq-39741371.html
SNMP,/apinizer-dokumantasyonu/snmp-70845981.html
Syslog,/apinizer-dokumantasyonu/syslog-39741367.html
Webhook,/apinizer-dokumantasyonu/webhook-39741369.html
Gizlilik Yönetimi (Secret Manager),/apinizer-dokumantasyonu/gizlilik-yoenetimi-secret-manager-1179899.html
Sertifikalar,/apinizer-dokumantasyonu/sertifikalar-1179897.html
Anahtarlar,/apinizer-dokumantasyonu/anahtarlar-1179871.html
Key Stores,/apinizer-dokumantasyonu/key-stores-1179867.html
JSON Web Keypair Sets,/apinizer-dokumantasyonu/json-web-keypair-sets-39741465.html
Zamanlanmış İşler (Scheduled Jobs),/apinizer-dokumantasyonu/zamanlanmis-isler-scheduled-jobs-13271943.html
Denetim (Auditing),/apinizer-dokumantasyonu/denetim-auditing-13271945.html
Denetim Kayıtları,/apinizer-dokumantasyonu/denetim-kayitlari-1180203.html
Dışa/İçe Aktarma,/apinizer-dokumantasyonu/disa-ice-aktarma-26349310.html
API Proxy İçe Aktar,/apinizer-dokumantasyonu/api-proxy-ice-aktar-75809823.html
API Proxy Dışa Aktar,/apinizer-dokumantasyonu/api-proxy-disa-aktar-26349312.html
Politika Grup İçe Aktar,/apinizer-dokumantasyonu/politika-grup-ice-aktar-120521666.html
Politika Grup Dışa Aktar,/apinizer-dokumantasyonu/politika-grup-disa-aktar-120521670.html
API Proxy Ayarı İçe Aktar,/apinizer-dokumantasyonu/api-proxy-ayari-ice-aktar-120521673.html
API Proxy Ayarı Dışa Aktar,/apinizer-dokumantasyonu/api-proxy-ayari-disa-aktar-120521676.html
Global Politikaları İçe Aktar,/apinizer-dokumantasyonu/global-politikalari-ice-aktar-26349304.html
Global Politikaları Dışa Aktar,/apinizer-dokumantasyonu/global-politikalari-disa-aktar-26349314.html
Proje Dışa Aktar,/apinizer-dokumantasyonu/proje-disa-aktar-26349316.html
Proje Ayarları (Project Settings),/apinizer-dokumantasyonu/proje-ayarlari-project-settings-13271947.html
Genel Ayarlar,/apinizer-dokumantasyonu/genel-ayarlar-1180067.html
Üyeler,/apinizer-dokumantasyonu/ueyeler-1180069.html
Profilim,/apinizer-dokumantasyonu/profilim-70849807.html
Yönetici Kılavuzu (Administration Guide),/apinizer-dokumantasyonu/yoenetici-kilavuzu-administration-guide-1180186.html
Yönetim Pano (Overview),/apinizer-dokumantasyonu/yoenetim-pano-overview-1179881.html
Monitör Etme (Admin),/apinizer-dokumantasyonu/monitoer-etme-admin-39741724.html
Alarm (Alert),/apinizer-dokumantasyonu/alarm-alert-39742481.html
Analitik (Admin),/apinizer-dokumantasyonu/analitik-admin-39741703.html
API  Trafiği Log Ayarları,/apinizer-dokumantasyonu/api-trafigi-log-ayarlari-39742629.html
API Trafiği Log Kaydı Veri Yapısı,/apinizer-dokumantasyonu/api-trafigi-log-kaydi-veri-yapisi-39742573.html
Gönderilmemiş API Trafik Loglarını Taşı,/apinizer-dokumantasyonu/goenderilmemis-api-trafik-loglarini-tasi-89686100.html
Raporlar (Admin),/apinizer-dokumantasyonu/raporlar-admin-75795292.html
API Trafiği (Zamana Göre),/apinizer-dokumantasyonu/api-trafigi-zamana-goere-89686057.html
API Proxy Oluşturma Raporu,/apinizer-dokumantasyonu/api-proxy-olusturma-raporu-39729429.html
API Endpoint Oluşturma Raporu,/apinizer-dokumantasyonu/api-endpoint-olusturma-raporu-93356808.html
Projeler,/apinizer-dokumantasyonu/projeler-1179883.html
Kullanıcı Yönetimi,/apinizer-dokumantasyonu/kullanici-yoenetimi-1179874.html
Kullanıcılar,/apinizer-dokumantasyonu/kullanicilar-1179894.html
Takımlar,/apinizer-dokumantasyonu/takimlar-1179896.html
Roller,/apinizer-dokumantasyonu/roller-1179888.html
Yetki Matrisi,/apinizer-dokumantasyonu/yetki-matrisi-126910929.html
Kimlik Yönetimi,/apinizer-dokumantasyonu/kimlik-yoenetimi-1179870.html
ACL Denetim Kayıtları,/apinizer-dokumantasyonu/acl-denetim-kayitlari-39729919.html
Bağlantı Konfigürasyonları,/apinizer-dokumantasyonu/baglanti-konfiguerasyonlari-1179864.html
Gizlilik Yönetimi,/apinizer-dokumantasyonu/gizlilik-yoenetimi-39742582.html
Sunucu Yönetimi,/apinizer-dokumantasyonu/sunucu-yoenetimi-1179879.html
Ortam (Environment),/apinizer-dokumantasyonu/ortam-environment-1179841.html
Ağ Geçidi Ortamları (Gateways Environments),/apinizer-dokumantasyonu/ag-gecidi-ortamlari-gateways-environments-26351581.html
Ağ Geçidi Ortamlarının Manuel Yönetimi,/apinizer-dokumantasyonu/ag-gecidi-ortamlarinin-manuel-yoenetimi-70849729.html
Ağ Geçidi Ortamlarına Konnektör Eklenmesi,/apinizer-dokumantasyonu/ag-gecidi-ortamlarina-konnektoer-eklenmesi-75808606.html
Kubernetes Resources,/apinizer-dokumantasyonu/kubernetes-resources-1179837.html
Log Kayıtları,/apinizer-dokumantasyonu/log-kayitlari-91685111.html
Uygulama Logları,/apinizer-dokumantasyonu/uygulama-loglari-1180211.html
Uygulama Logu Temizleme Görevleri,/apinizer-dokumantasyonu/uygulama-logu-temizleme-goerevleri-91685117.html
Denetim,/apinizer-dokumantasyonu/denetim-1180207.html
Token İstekleri,/apinizer-dokumantasyonu/token-istekleri-1179995.html
Giriş Kayıtları,/apinizer-dokumantasyonu/giris-kayitlari-1180205.html
Test Konsol Denetim Kayıtları,/apinizer-dokumantasyonu/test-konsol-denetim-kayitlari-93356850.html
Sistem Ayarları,/apinizer-dokumantasyonu/sistem-ayarlari-1179903.html
Genel Ayarlar (General Settings),/apinizer-dokumantasyonu/genel-ayarlar-general-settings-1179892.html
Ön Tanımlı Değerler,/apinizer-dokumantasyonu/oen-tanimli-degerler-1179866.html
CORS Başlıkları,/apinizer-dokumantasyonu/cors-basliklari-1179857.html
CORS Orijin Değerleri,/apinizer-dokumantasyonu/cors-orijin-degerleri-1179859.html
Filtre Kuralları,/apinizer-dokumantasyonu/filtre-kurallari-1179855.html
İstek Başlık Adları,/apinizer-dokumantasyonu/istek-baslik-adlari-1179852.html
İstek Başlık Değerleri,/apinizer-dokumantasyonu/istek-baslik-degerleri-1179844.html
Değişkenler,/apinizer-dokumantasyonu/degiskenler-1179804.html
Byte Array Content Types,/apinizer-dokumantasyonu/byte-array-content-types-39725348.html
LDAP ile Giriş Ayarları,/apinizer-dokumantasyonu/ldap-ile-giris-ayarlari-1179887.html
Lisans Yönetimi,/apinizer-dokumantasyonu/lisans-yoenetimi-1179902.html
Hata Mesajları,/apinizer-dokumantasyonu/hata-mesajlari-6685010.html
KPS Ayarı,/apinizer-dokumantasyonu/kps-ayari-3244881.html
IP Geolocation Ayarı,/apinizer-dokumantasyonu/ip-geolocation-ayari-120522017.html
ProCrypt Ayarı,/apinizer-dokumantasyonu/procrypt-ayari-26350234.html
Zamanlanmış İşler,/apinizer-dokumantasyonu/zamanlanmis-isler-3244924.html
API Geliştirici Portal,/apinizer-dokumantasyonu/api-gelistirici-portal-153223169.html
API Portal,/apinizer-dokumantasyonu/api-portal-153223177.html
Görünüm ve Tema,/apinizer-dokumantasyonu/goeruenuem-ve-tema-153223180.html
API Ürünü,/apinizer-dokumantasyonu/api-ueruenue-153223691.html
API Ürün Kategorileri,/apinizer-dokumantasyonu/api-ueruen-kategorileri-153223474.html
Sorumlu Birim,/apinizer-dokumantasyonu/sorumlu-birim-153223466.html
Sıklıkla Sorulan Sorular,/apinizer-dokumantasyonu/siklikla-sorulan-sorular-153223484.html
Hesaplar/Geliştiriciler,/apinizer-dokumantasyonu/hesaplar-gelistiriciler-153223911.html
Portal Kurumlar,/apinizer-dokumantasyonu/portal-kurumlar-153223495.html
Onay İstekleri,/apinizer-dokumantasyonu/onay-istekleri-153223658.html
Uygulama Yönetimi,/apinizer-dokumantasyonu/uygulama-yoenetimi-153223772.html
JIRA Entegrasyonu,/apinizer-dokumantasyonu/jira-entegrasyonu-153223190.html
API Ürün Uygulama Kayıtları,/apinizer-dokumantasyonu/api-ueruen-uygulama-kayitlari-153223821.html
Organizasyon Görünürlüğü,/apinizer-dokumantasyonu/organizasyon-goeruenuerluegue-153223687.html
Destek Paketleri,/apinizer-dokumantasyonu/destek-paketleri-153223839.html
Destek Paketi İçeriği,/apinizer-dokumantasyonu/destek-paketi-icerigi-153223862.html
Destek Paketi Tipi,/apinizer-dokumantasyonu/destek-paketi-tipi-153223880.html
Destek Paketi İstekleri,/apinizer-dokumantasyonu/destek-paketi-istekleri-153224282.html
Araçlar,/apinizer-dokumantasyonu/araclar-153224559.html
Senaryolar (Tutorials),/apinizer-dokumantasyonu/senaryolar-tutorials-16812800.html
API Proxy Senaryoları,/apinizer-dokumantasyonu/api-proxy-senaryolari-26345947.html
REST API'ye Security Manager Provider Aracılığıyla Plain-Text Authentication Poliçesinin Uygulanması,/apinizer-dokumantasyonu/rest-apiye-security-manager-provider-araciligiyla-plain-text-authentication-policesinin-uygulanmasi-26345975.html
REST API'ye Security Manager Provider Aracılığıyla Basic (Base64) Authentication Poliçesinin Uygulanması,/apinizer-dokumantasyonu/rest-apiye-security-manager-provider-araciligiyla-basic-base64-authentication-policesinin-uygulanmasi-26345981.html
REST API'ye Security Manager Provider Aracılığıyla JWT Authentication Poliçesinin Uygulanması,/apinizer-dokumantasyonu/rest-api-ye-security-manager-provider-araciligiyla-jwt-authentication-policesinin-uygulanmasi-26345993.html
REST API'ye Security Manager Provider Aracılığıyla OAuth2 Authentication Poliçesinin Uygulanması,/apinizer-dokumantasyonu/rest-api-ye-security-manager-provider-araciligiyla-oauth2-authentication-policesinin-uygulanmasi-26345996.html
REST API'ye LDAP Provider Aracılığıyla Plain-Text Authentication Poliçesinin Uygulanması,/apinizer-dokumantasyonu/rest-apiye-ldap-provider-araciligiyla-plain-text-authentication-policesinin-uygulanmasi-26346000.html
REST API'ye Database Provider Aracılığıyla Plain-Text Authentication Politikasının Uygulanması,/apinizer-dokumantasyonu/rest-apiye-database-provider-araciligiyla-plain-text-authentication-politikasinin-uygulanmasi-120521120.html
SOAP Web Servise Security Manager Provider Aracılığıyla Plain-Text Authentication Poliçesinin Uygulanması,/apinizer-dokumantasyonu/soap-web-servise-security-manager-provider-araciligiyla-plain-text-authentication-policesinin-uygulanmasi-26345978.html
MySQL Database Üzerinden DB-2-API Oluşturulması,/apinizer-dokumantasyonu/mysql-database-uezerinden-db-2-api-olusturulmasi-26345983.html
Oluşturulan Mock API Üzerinden JSON Transformation ve Script Poliçesinin Uygulanması,/apinizer-dokumantasyonu/olusturulan-mock-api-uezerinden-json-transformation-ve-script-policesinin-uygulanmasi-26346009.html
mTLS Kimlik Doğrulama Politikasının Uygulanması,/apinizer-dokumantasyonu/mtls-kimlik-dogrulama-politikasinin-uygulanmasi-70845082.html
JWT Validasyonu,/apinizer-dokumantasyonu/jwt-validasyonu-70845921.html
Değişken İçeriğe göre Throttling Uygulanması,/apinizer-dokumantasyonu/degisken-icerige-goere-throttling-uygulanmasi-93357032.html
JSON Schema Validation Uygulanması - Rest-to-Soap Tipinde Bir Api Proxy,/apinizer-dokumantasyonu/json-schema-validation-uygulanmasi-rest-to-soap-tipinde-bir-api-proxy-119505013.html
JSON Schema Validation Uygulanması - Rest Tipinde Bir Api Proxy,/apinizer-dokumantasyonu/json-schema-validation-uygulanmasi-rest-tipinde-bir-api-proxy-119505108.html
API Based Throttling Uygulanması - Sabit Zaman Aralıkları,/apinizer-dokumantasyonu/api-based-throttling-uygulanmasi-sabit-zaman-araliklari-119505277.html
API Based Quota Uygulanması - Sabit Zaman Aralıkları,/apinizer-dokumantasyonu/api-based-quota-uygulanmasi-sabit-zaman-araliklari-119505379.html
Custom Variable Map Kullanarak Değişken İçeriğe Göre Business Rule Uygulaması,/apinizer-dokumantasyonu/custom-variable-map-kullanarak-degisken-icerige-goere-business-rule-uygulamasi-119505494.html
Api Proxy'de HTTP ve WebSocket Servislerine Politika Koşulu,/apinizer-dokumantasyonu/api-proxyde-http-ve-websocket-servislerine-politika-kosulu-145326327.html
API Oluşturucu Senaryoları,/apinizer-dokumantasyonu/api-olusturucu-senaryolari-26348133.html
DB-2-API: Select Kullanımı,/apinizer-dokumantasyonu/db-2-api-select-kullanimi-26348319.html
DB-2-API: Stored Procedure Çağırma,/apinizer-dokumantasyonu/db-2-api-stored-procedure-cagirma-16812816.html
DB-2-API: Update Kullanımı,/apinizer-dokumantasyonu/db-2-api-update-kullanimi-26351213.html
DB-2-API: Insert Kullanımı,/apinizer-dokumantasyonu/db-2-api-insert-kullanimi-26348327.html
DB-2-API: Batch Insert Kullanımı,/apinizer-dokumantasyonu/db-2-api-batch-insert-kullanimi-26348329.html
Mock API Kullanımı,/apinizer-dokumantasyonu/mock-api-kullanimi-26348331.html
Script-2-API Kullanımı,/apinizer-dokumantasyonu/script-2-api-kullanimi-26348333.html
API Entegratör Senaryoları,/apinizer-dokumantasyonu/api-entegratoer-senaryolari-26348148.html
Görevler Arası JSON Veri Aktarımı ve Kullanımı,/apinizer-dokumantasyonu/goerevler-arasi-json-veri-aktarimi-ve-kullanimi-85950564.html
Görevler Arası XML Veri Aktarımı ve Kullanımı,/apinizer-dokumantasyonu/goerevler-arasi-xml-veri-aktarimi-ve-kullanimi-85950571.html
Görevler Arası SOAP XML Veri Aktarımı ve Kullanımı,/apinizer-dokumantasyonu/goerevler-arasi-soap-xml-veri-aktarimi-ve-kullanimi-85950578.html
Script Görevi içinde resultMap ile Veri Aktarımı,/apinizer-dokumantasyonu/script-goerevi-icinde-resultmap-ile-veri-aktarimi-85950586.html
API İzleme Senaryoları,/apinizer-dokumantasyonu/api-izleme-senaryolari-26348142.html
Çalışma Süresini İzleme Kullanımı,/apinizer-dokumantasyonu/calisma-sueresini-izleme-kullanimi-26348144.html
Anomali Dedektörü Kullanımı,/apinizer-dokumantasyonu/anomali-dedektoerue-kullanimi-26348146.html
Başarısız İstek Oranı Artışı Üzerine Anomali Tespiti: Farklı Senaryoların İncelenmesi,/apinizer-dokumantasyonu/basarisiz-istek-orani-artisi-uezerine-anomali-tespiti-farkli-senaryolarin-incelenmesi-120520948.html
API Analitiği ve Gözlemlenebilirlik Senaryoları,/apinizer-dokumantasyonu/api-analitigi-ve-goezlemlenebilirlik-senaryolari-93356150.html
API Trafik Loglarını Kibana İle Görselleştirme,/apinizer-dokumantasyonu/api-trafik-loglarini-kibana-ile-goersellestirme-91684981.html
Nasıl Yapılır Kılavuzları,/apinizer-dokumantasyonu/nasil-yapilir-kilavuzlari-75810270.html
Geliştirici Kılavuzları,/apinizer-dokumantasyonu/gelistirici-kilavuzlari-98108027.html
Groovy Kullanımı (Script Politikası),/apinizer-dokumantasyonu/groovy-kullanimi-script-politikasi-26348162.html
Groovy Temel Örnekler,/apinizer-dokumantasyonu/groovy-temel-oernekler-75809520.html
Body'de Gelen Değeri Header Alanına Kopyalama,/apinizer-dokumantasyonu/body-de-gelen-degeri-header-alanina-kopyalama-26348335.html
API Çağrısı Yapmak ve Sonucu İşlemek,/apinizer-dokumantasyonu/api-cagrisi-yapmak-ve-sonucu-islemek-26348338.html
API Çağrısı  (x-www-form-urlencoded),/apinizer-dokumantasyonu/api-cagrisi-x-www-form-urlencoded-26348340.html
XmlSlurper ile SOAP Mesajı Hazırlama ve Gönderme,/apinizer-dokumantasyonu/xmlslurper-ile-soap-mesaji-hazirlama-ve-goenderme-26348342.html
JsonSlurper ile REST Body'e Yeni Alan Ekleme ve Mevcut Alanı Kullanma,/apinizer-dokumantasyonu/jsonslurper-ile-rest-body-e-yeni-alan-ekleme-ve-mevcut-alani-kullanma-26348344.html
JSON Formatındaki Mesaj ile Mail Atma,/apinizer-dokumantasyonu/json-formatindaki-mesaj-ile-mail-atma-26348346.html
SOAP Mesajı üzerinden Mail Atma,/apinizer-dokumantasyonu/soap-mesaji-uezerinden-mail-atma-26348348.html
API Çağrısı ile XML Veriyi Ayrıştırıp JSON Mesaj Oluşturma,/apinizer-dokumantasyonu/api-cagrisi-ile-xml-veriyi-ayristirip-json-mesaj-olusturma-26348350.html
XmlSlurper ile SOAP Bir Mesajı Parse Etme ve Alanlara Müdahale,/apinizer-dokumantasyonu/xmlslurper-ile-soap-bir-mesaji-parse-etme-ve-alanlara-muedahale-26351103.html
Request URL Path Okuma ve Backend Adresi Değiştirme,/apinizer-dokumantasyonu/request-url-path-okuma-ve-backend-adresi-degistirme-39718211.html
Xml Bir Node'un Seviyesini Değiştirme,/apinizer-dokumantasyonu/xml-bir-node-un-seviyesini-degistirme-39721392.html
JsonSlurper ile Kimlik Verisi Dönen Bir Servisten Rest2Soap Olarak Yanıt Boş ise Hata Koduyla Boş Cevap Dönmek ve Yanıt Varsa Sadece Belirli Kısmını Dönmek,/apinizer-dokumantasyonu/jsonslurper-ile-kimlik-verisi-doenen-bir-servisten-rest2soap-olarak-yanit-bos-ise-hata-koduyla-bos-cevap-doenmek-ve-yanit-varsa-sadece-belirli-kismini-doenmek-39724579.html
Json Bir Veriden Tırnak ("") İşaretlerini Replace ile Temizleme Scripti,/apinizer-dokumantasyonu/json-bir-veriden-tirnak-isaretlerini-replace-ile-temizleme-scripti-39730487.html
İki Servisi Api Call Çağrısı ile Alıp Çıktılarını Birleştirip Tek Bir Çıktı Halinde Dönme,/apinizer-dokumantasyonu/iki-servisi-api-call-cagrisi-ile-alip-ciktilarini-birlestirip-tek-bir-cikti-halinde-doenme-39730492.html
DB2-API Bir Web Servisin Cevabında Verinin Maskeli İletilmesi,/apinizer-dokumantasyonu/db2-api-bir-web-servisin-cevabinda-verinin-maskeli-iletilmesi-39730497.html
Gelen JWT Anahtarından Payload Alanındaki Json Verisinden Veri Alan Script,/apinizer-dokumantasyonu/gelen-jwt-anahtarindan-payload-alanindaki-json-verisinden-veri-alan-script-75800122.html
Basit map ve foreach döngüsü kullanımı,/apinizer-dokumantasyonu/basit-map-ve-foreach-doenguesue-kullanimi-75807862.html
JSON Formatında TC Kimlik No Kontrolü,/apinizer-dokumantasyonu/json-formatinda-tc-kimlik-no-kontrolue-93356443.html
Json Request Verisini Form Data Verisine Çevirme,/apinizer-dokumantasyonu/json-request-verisini-form-data-verisine-cevirme-93357027.html
SOAP Mesajı İmza Doğrulaması (İstemci Sertifikası ile),/apinizer-dokumantasyonu/soap-mesaji-imza-dogrulamasi-istemci-sertifikasi-ile-98107549.html
SOAP Mesajı İmzalama (Private Key ve Sertifika ile),/apinizer-dokumantasyonu/soap-mesaji-imzalama-private-key-ve-sertifika-ile-98107583.html
XmlSlurper ile SOAP Bir Mesajı Parse Etme ve Header Alanına Değer Ekleyip Backende Gönderme,/apinizer-dokumantasyonu/xmlslurper-ile-soap-bir-mesaji-parse-etme-ve-header-alanina-deger-ekleyip-backende-goenderme-98109059.html
PKIX Hatası Çözümü İçin SSL Sertifikalarını Devre Dışı Bırakmak,/apinizer-dokumantasyonu/pkix-hatasi-coezuemue-icin-ssl-sertifikalarini-devre-disi-birakmak-117899271.html
OIDC Entegrasyonu,/apinizer-dokumantasyonu/oidc-entegrasyonu-126910690.html
XML to JSON Dönüşümü ve Unicode Karakterlerin Normalleştirilmesi,/apinizer-dokumantasyonu/xml-to-json-doenuesuemue-ve-unicode-karakterlerin-normallestirilmesi-130515308.html
XML Body İçindeki Alt Elemana Eksik Element Ekleme,/apinizer-dokumantasyonu/xml-body-icindeki-alt-elemana-eksik-element-ekleme-130515320.html
Dinamik Xml-2-Json Scripti,/apinizer-dokumantasyonu/dinamik-xml-2-json-scripti-148998323.html
Base64 Kodlu PDF Verisini Json İçerikten Alıp Decode Ederek Tarayıcıda Görüntülenecek veya İndirilecek Şekilde Dönmek,/apinizer-dokumantasyonu/base64-kodlu-pdf-verisini-json-icerikten-alip-decode-ederek-tarayicida-goeruentuelenecek-veya-indirilecek-sekilde-doenmek-153224472.html
Javascript Kullanımı (Script Politikası),/apinizer-dokumantasyonu/javascript-kullanimi-script-politikasi-26348160.html
API Çağrısı,/apinizer-dokumantasyonu/api-cagrisi-26348352.html
API Çağrısı ile Apinizer'da Tanımlı Uç Noktayı Kullanma,/apinizer-dokumantasyonu/api-cagrisi-ile-apinizer-da-tanimli-uc-noktayi-kullanma-26348355.html
CBS Servislerinin Response Body'sinde Yer Alan URL'sinin Değiştirilmesi,/apinizer-dokumantasyonu/cbs-servislerinin-response-body-sinde-yer-alan-url-sinin-degistirilmesi-39715444.html
Jolt Kullanımı (Json Dönüşüm Politikası),/apinizer-dokumantasyonu/jolt-kullanimi-json-doenuesuem-politikasi-26348155.html
Belirlenen Alan İçerisinden Veri Çekme ve İlgili Alanın Key İfadesini Değiştirme,/apinizer-dokumantasyonu/belirlenen-alan-icerisinden-veri-cekme-ve-ilgili-alanin-key-ifadesini-degistirme-26351345.html
DB2API'de Sonucun Sadeleştirilmesi,/apinizer-dokumantasyonu/db2api-de-sonucun-sadelestirilmesi-39733317.html
DB2API'de Procedure Sonucunun Düzenlenmesi,/apinizer-dokumantasyonu/db2api-de-procedure-sonucunun-duezenlenmesi-26355787.html
İki Data Sonucunu Birleştirme ve Fazlalıkları Silme,/apinizer-dokumantasyonu/iki-data-sonucunu-birlestirme-ve-fazlaliklari-silme-39730457.html
İstenilen Alanı Silme,/apinizer-dokumantasyonu/istenilen-alani-silme-26351351.html
Json2Json Dönüşümü Performans Kıyaslaması,/apinizer-dokumantasyonu/json2json-doenuesuemue-performans-kiyaslamasi-5244592.html
Key-Value Çiftlerini Düzenleme,/apinizer-dokumantasyonu/key-value-ciftlerini-duezenleme-26351355.html
Veri Tipi Olarak String Belirtilen Key Değerlerini Numerik Veri Tipine Çevirme,/apinizer-dokumantasyonu/veri-tipi-olarak-string-belirtilen-key-degerlerini-numerik-veri-tipine-cevirme-26351353.html
Yeni Bir Key İfadesi Ekleme ve Var Olan Bir Key İfadesini Silme,/apinizer-dokumantasyonu/yeni-bir-key-ifadesi-ekleme-ve-var-olan-bir-key-ifadesini-silme-26351349.html
Key Değeri Bulunmuyorsa Key Değerini Ekleme,/apinizer-dokumantasyonu/key-degeri-bulunmuyorsa-key-degerini-ekleme-39744041.html
String Tipindeki Bir Değeri Long Tipine Dönüştürme,/apinizer-dokumantasyonu/string-tipindeki-bir-degeri-long-tipine-doenuestuerme-91684982.html
Belli Bir Alan Dizi Türüne Dönüştürülmesi İsteniyorsa,/apinizer-dokumantasyonu/belli-bir-alan-dizi-tueruene-doenuestueruelmesi-isteniyorsa-136052746.html
XSLT Kullanımı (Xml Dönüşüm Politikası),/apinizer-dokumantasyonu/xslt-kullanimi-xml-doenuesuem-politikasi-26348152.html
SOAP Header'a Bilgi Ekleme,/apinizer-dokumantasyonu/soap-header-a-bilgi-ekleme-26348454.html
SOAP Mesajına Sabit Değerler Ekleme,/apinizer-dokumantasyonu/soap-mesajina-sabit-degerler-ekleme-26348456.html
SOAP Header'a Security Alanlarını Ekleme,/apinizer-dokumantasyonu/soap-header-a-security-alanlarini-ekleme-26348458.html
SOAP Mesajına Alan Ekleme,/apinizer-dokumantasyonu/soap-mesajina-alan-ekleme-26348460.html
Bileşik Kütük Servisi Örneği ile Header ve SOAP Body İçeriği Ayıklama,/apinizer-dokumantasyonu/bilesik-kuetuek-servisi-oernegi-ile-header-ve-soap-body-icerigi-ayiklama-26348462.html
SOAP Mesajın İlk Metoduna Statik Değer Ekleme,/apinizer-dokumantasyonu/soap-mesajin-ilk-metoduna-statik-deger-ekleme-26348465.html
SOAP Mesajı İçerisindeki ID Referans Sorununu Çözme,/apinizer-dokumantasyonu/soap-mesaji-icerisindeki-id-referans-sorununu-coezme-39730500.html
Bir XML Dosyasından Tüm "attributes"ları Kaldırmak İçin Gereken XSLT,/apinizer-dokumantasyonu/bir-xml-dosyasindan-tuem-attributes-lari-kaldirmak-icin-gereken-xslt-39730539.html
WSA Ayarını Belirli Bir Değer ile Gönderme,/apinizer-dokumantasyonu/wsa-ayarini-belirli-bir-deger-ile-goenderme-39730913.html
SOAP Mesajının İçeriğini Temizleyerek Müdahale Etme,/apinizer-dokumantasyonu/soap-mesajinin-icerigini-temizleyerek-muedahale-etme-39735673.html
Seçilen XML Elemanlara Prefix Concat Etme,/apinizer-dokumantasyonu/secilen-xml-elemanlara-prefix-concat-etme-70852793.html
SOAP1.1 XMLini SOAP1.2 XML'ine Çevirme,/apinizer-dokumantasyonu/soap1-1-xmlini-soap1-2-xml-ine-cevirme-90636383.html
API Portal MCP Kullanımı,/apinizer-dokumantasyonu/api-portal-mcp-kullanimi-145326108.html
API Portal'in Model Context Protocol (MCP) ile Kullanımı,/apinizer-dokumantasyonu/api-portal-in-model-context-protocol-mcp-ile-kullanimi-145326196.html
API Portal ile Claude Desktop MCP Entegrasyonu,/apinizer-dokumantasyonu/api-portal-ile-claude-desktop-mcp-entegrasyonu-145326153.html
API Portal'in Claude Desktop ile MCP Bağlantısıyla Kullanımı,/apinizer-dokumantasyonu/api-portal-in-claude-desktop-ile-mcp-baglantisiyla-kullanimi-145326201.html
API Portal'in Yapay Zeka Araçları ile Web Tarayıcı Üzerinden MCP Bağlantısıyla Kullanımı,/apinizer-dokumantasyonu/api-portal-in-yapay-zeka-araclari-ile-web-tarayici-uezerinden-mcp-baglantisiyla-kullanimi-145326464.html
Yönetici Kılavuzları,/apinizer-dokumantasyonu/yoenetici-kilavuzlari-93356744.html
API Manager LDAP Entegrasyonu,/apinizer-dokumantasyonu/api-manager-ldap-entegrasyonu-98107646.html
Apinizer Bileşenlerini SSL ve TLS ile açma,/apinizer-dokumantasyonu/apinizer-bilesenlerini-ssl-ve-tls-ile-acma-98107520.html
API Manager'ı SSL ile Başlatma,/apinizer-dokumantasyonu/api-manager-i-ssl-ile-baslatma-98107522.html
API Developer Portal'i SSL ile Başlatma,/apinizer-dokumantasyonu/api-developer-portal-i-ssl-ile-baslatma-98107525.html
Apinizer Servislerine Kubernetes Ingress ile Erişim,/apinizer-dokumantasyonu/apinizer-servislerine-kubernetes-ingress-ile-erisim-93356481.html
Apinizer Ortamlarının Otomatik Ölçeklendirilmesi,/apinizer-dokumantasyonu/apinizer-ortamlarinin-otomatik-oelceklendirilmesi-98107799.html
Mongodb Veritabanını Otomatik Yedekleme ve Eski Yedekleri Temizleme,/apinizer-dokumantasyonu/mongodb-veritabanini-otomatik-yedekleme-ve-eski-yedekleri-temizleme-108232759.html
pfx Dosyasının jks Dosyasına Çevrilmesi,/apinizer-dokumantasyonu/pfx-dosyasinin-jks-dosyasina-cevrilmesi-26347955.html
Sunucu IP Adresinin Değiştirilmesi Durumunda Yapılacaklar,/apinizer-dokumantasyonu/sunucu-ip-adresinin-degistirilmesi-durumunda-yapilacaklar-39730519.html
Kubernetes Kümesinde IP Değişikliği - Virtual IP Kullanımı,/apinizer-dokumantasyonu/kubernetes-kuemesinde-ip-degisikligi-virtual-ip-kullanimi-98108585.html
Podların Anlık Thread Sayılarının Periyodik İzlenmesi,/apinizer-dokumantasyonu/podlarin-anlik-thread-sayilarinin-periyodik-izlenmesi-98109283.html
Apinizer'da Geolocation Kullanarak Coğrafi Erişim Kontrolü,/apinizer-dokumantasyonu/apinizer-da-geolocation-kullanarak-cografi-erisim-kontrolue-120522090.html
Kibana Maps ile Apinizer'a Gelen İsteklerin Coğrafi Olarak Görselleştirilmesi,/apinizer-dokumantasyonu/kibana-maps-ile-apinizer-a-gelen-isteklerin-cografi-olarak-goersellestirilmesi-120522244.html
Apinizer Logları için Tablo Oluşturma Komutları,/apinizer-dokumantasyonu/apinizer-loglari-icin-tablo-olusturma-komutlari-98108567.html
Apinizer Metriklerinin Prometheus ve Grafana'ya Entegre Edilmesi,/apinizer-dokumantasyonu/apinizer-metriklerinin-prometheus-ve-grafana-ya-entegre-edilmesi-126910789.html
Apinizer Gateway Metriklerinin Prometheus ve Grafanaya Entegre Edilmesi,/apinizer-dokumantasyonu/apinizer-gateway-metriklerinin-prometheus-ve-grafanaya-entegre-edilmesi-126910803.html
Apinizer Gateway Metriklerinin Genel Bakışı,/apinizer-dokumantasyonu/apinizer-gateway-metriklerinin-genel-bakisi-126910804.html
Apinizer Gateway için Prometheus Kurulumu ve Scraping Yapılandırması,/apinizer-dokumantasyonu/apinizer-gateway-icin-prometheus-kurulumu-ve-scraping-yapilandirmasi-126910805.html
Apinizer Gateway için Örnek  PromQL Sorguları,/apinizer-dokumantasyonu/apinizer-gateway-icin-oernek-promql-sorgulari-126910807.html
Apinizer Gateway için Grafana Üzerinde Örnek Dashboardlar,/apinizer-dokumantasyonu/apinizer-gateway-icin-grafana-uezerinde-oernek-dashboardlar-126910808.html
Apinizer Cache Metriklerinin Prometheus ve Grafanaya Entegre Edilmesi,/apinizer-dokumantasyonu/apinizer-cache-metriklerinin-prometheus-ve-grafanaya-entegre-edilmesi-126910815.html
Apinizer Cache Metriklerinin Genel Bakışı,/apinizer-dokumantasyonu/apinizer-cache-metriklerinin-genel-bakisi-126910816.html
Apinizer Cache için Prometheus Kurulumu ve Scraping Yapılandırması,/apinizer-dokumantasyonu/apinizer-cache-icin-prometheus-kurulumu-ve-scraping-yapilandirmasi-126910817.html
Apinizer Cache için Örnek PromQL Sorguları,/apinizer-dokumantasyonu/apinizer-cache-icin-oernek-promql-sorgulari-126910819.html
Apinizer Cache için Grafana Üzerinde Örnek Dashboardlar,/apinizer-dokumantasyonu/apinizer-cache-icin-grafana-uezerinde-oernek-dashboardlar-126910820.html
Grafana Kurulumu ve Veri Kaynağı Olarak Prometheus Entegrasyonu,/apinizer-dokumantasyonu/grafana-kurulumu-ve-veri-kaynagi-olarak-prometheus-entegrasyonu-126910830.html
Apinizer Syslog Entegrasyonu,/apinizer-dokumantasyonu/apinizer-syslog-entegrasyonu-138117513.html
Apinizer Trafik Loglarının Syslog'a Aktarılması,/apinizer-dokumantasyonu/apinizer-trafik-loglarinin-syslog-a-aktarilmasi-138117525.html
Apinizer Sistem Loglarının Syslog ile Aktarılması,/apinizer-dokumantasyonu/apinizer-sistem-loglarinin-syslog-ile-aktarilmasi-138117529.html
Bakım İşlemleri,/apinizer-dokumantasyonu/bakim-islemleri-39732228.html
Apinizer Healthcheck ve Sürüm Adresleri,/apinizer-dokumantasyonu/apinizer-healthcheck-ve-sueruem-adresleri-136052924.html
Veritabanı Büyümesinin Kontrol Altında Tutulması,/apinizer-dokumantasyonu/veritabani-bueyuemesinin-kontrol-altinda-tutulmasi-75806320.html
apinizer_log Koleksiyonunun temizlenmesi,/apinizer-dokumantasyonu/apinizer_log-koleksiyonunun-temizlenmesi-75806598.html
audit_event Koleksiyonunun temizlenmesi,/apinizer-dokumantasyonu/audit_event-koleksiyonunun-temizlenmesi-75807129.html
history_acl Koleksiyonunun temizlenmesi,/apinizer-dokumantasyonu/history_acl-koleksiyonunun-temizlenmesi-75807160.html
alert_history Koleksiyonunun temizlenmesi,/apinizer-dokumantasyonu/alert_history-koleksiyonunun-temizlenmesi-75809801.html
log_tokentraffic Koleksiyonunun temizlenmesi,/apinizer-dokumantasyonu/log_tokentraffic-koleksiyonunun-temizlenmesi-75806647.html
anomaly_detector_result Koleksiyonunun temizlenmesi,/apinizer-dokumantasyonu/anomaly_detector_result-koleksiyonunun-temizlenmesi-75809770.html
uptime_monitor_result Koleksiyonunun temizlenmesi,/apinizer-dokumantasyonu/uptime_monitor_result-koleksiyonunun-temizlenmesi-75809760.html
taskflow_execution_log Koleksiyonunun temizlenmesi,/apinizer-dokumantasyonu/taskflow_execution_log-koleksiyonunun-temizlenmesi-75809790.html
report_configuration_result Koleksiyonunun temizlenmesi,/apinizer-dokumantasyonu/report_configuration_result-koleksiyonunun-temizlenmesi-75809781.html
Trace loglarını tutan koleksiyonların temizlenmesi,/apinizer-dokumantasyonu/trace-loglarini-tutan-koleksiyonlarin-temizlenmesi-75806640.html
user_token_blackList Koleksiyonun Temizlenmesi,/apinizer-dokumantasyonu/user_token_blacklist-koleksiyonun-temizlenmesi-98108462.html
notification_user Koleksiyonunun Temizlenmesi,/apinizer-dokumantasyonu/notification_user-koleksiyonunun-temizlenmesi-98108464.html
Sorun Giderme,/apinizer-dokumantasyonu/sorun-giderme-6685033.html
Apinizer Olası Sorunları ve Çözümleri,/apinizer-dokumantasyonu/apinizer-olasi-sorunlari-ve-coezuemleri-75810274.html
"Kubernetes, Docker ve Containerd Olası Sorunları ve Çözümleri",/apinizer-dokumantasyonu/kubernetes-docker-ve-containerd-olasi-sorunlari-ve-coezuemleri-26348699.html
Kubernetes Sertifika Kontrolü ve Yenileme scripti,/apinizer-dokumantasyonu/kubernetes-sertifika-kontrolue-ve-yenileme-scripti-136052892.html
"Kubernetes, Docker ve Containerd Sık Kullanılan Komutlar",/apinizer-dokumantasyonu/kubernetes-docker-ve-containerd-sik-kullanilan-komutlar-75810280.html
MongoDb Olası Sorunları ve Çözümleri,/apinizer-dokumantasyonu/mongodb-olasi-sorunlari-ve-coezuemleri-26355698.html
Bash Script ile MongoDB'den Elasticsearch'e Log Yazma,/apinizer-dokumantasyonu/bash-script-ile-mongodb-den-elasticsearch-e-log-yazma-136052886.html
MongoDb Sık Kullanılan Komutlar,/apinizer-dokumantasyonu/mongodb-sik-kullanilan-komutlar-75810283.html
Elasticsearch Olası Sorunları ve Çözümleri,/apinizer-dokumantasyonu/elasticsearch-olasi-sorunlari-ve-coezuemleri-75810288.html
Belirli Api Proxy'lere ait logları dump alma,/apinizer-dokumantasyonu/belirli-api-proxy-lere-ait-loglari-dump-alma-6686112.html
Curator İşlemleri,/apinizer-dokumantasyonu/curator-islemleri-26348607.html
Elasticsearch Reindex İşlemi,/apinizer-dokumantasyonu/elasticsearch-reindex-islemi-39733476.html
İlk Sorgunun Yavaş Gelmesi,/apinizer-dokumantasyonu/ilk-sorgunun-yavas-gelmesi-93356252.html
Scroll API ile Tüm Sorgu Sonucunu Bash Script ile Dosyaya Kaydetmek,/apinizer-dokumantasyonu/scroll-api-ile-tuem-sorgu-sonucunu-bash-script-ile-dosyaya-kaydetmek-39733691.html
Elasticsearch Sık Kullanılan Komutlar,/apinizer-dokumantasyonu/elasticsearch-sik-kullanilan-komutlar-26348166.html
"Linux Olası Sorunları, Çözümleri ve Yardımcı Komutlar",/apinizer-dokumantasyonu/linux-olasi-sorunlari-coezuemleri-ve-yardimci-komutlar-75810291.html
Linux Üzerinde Disk Genişletme,/apinizer-dokumantasyonu/linux-uezerinde-disk-genisletme-114262017.html
Yönetim API'si (Management API),/apinizer-dokumantasyonu/yoenetim-api-si-management-api-1179726.html
Benchmark Sonuçları,/apinizer-dokumantasyonu/benchmark-sonuclari-13271080.html
Makaleler,/apinizer-dokumantasyonu/makaleler-93356978.html
